day,platform,topic,utm_source
1,Instagram/TikTok,"为什么明明吃得不多，腰腹却越来越明显？",instagram
1,Facebook/X,"减肥时体重下降了，为什么腰围变化却不明显？",facebook
2,Instagram/TikTok,"晚上总想吃甜食，是意志力差吗？",instagram
2,Facebook/X,"为什么节食几天后特别容易暴食？",facebook
3,Instagram/TikTok,"经期前体重上升，是胖了还是水分变化？",instagram
3,Facebook/X,"减肥期间掉头发，应该先检查什么？",facebook
4,Instagram/TikTok,"瘦下来后脸变凹、皮肤松，如何理解减重速度？",instagram
4,Facebook/X,"BMI正常但还是觉得自己胖，应该看什么指标？",facebook
5,Instagram/TikTok,"每天坐10小时，为什么越来越难瘦？",instagram
5,Facebook/X,"白领减肥最容易犯的5个错误",facebook
6,Instagram/TikTok,"外卖族怎么做体重管理？先改这3个细节",instagram
6,Facebook/X,"工作压力大会让人更容易胖吗？",facebook
7,Instagram/TikTok,"加班到深夜后特别想吃东西，为什么？",instagram
7,Facebook/X,"每天通勤很累却还是胖，为什么活动量可能不够？",facebook
8,Instagram/TikTok,"周末暴走两万步，能抵消一周久坐吗？",instagram
8,Facebook/X,"没时间健身的人，如何提高日常消耗？",facebook
9,Instagram/TikTok,"减了8公斤又反弹，下一次减重应该怎么开始？",instagram
9,Facebook/X,"为什么减肥越多次，心理上越容易放弃？",facebook
10,Instagram/TikTok,"节食后为什么特别容易复胖？",instagram
10,Facebook/X,"减肥平台期到底是什么？",facebook
11,Instagram/TikTok,"减肥一个月没变化，是方法错了吗？",instagram
11,Facebook/X,"为什么“少吃多动”对有些人就是坚持不住？",facebook
12,Instagram/TikTok,"轻断食失败的人，常见原因有哪些？",instagram
12,Facebook/X,"减肥失败后最应该停止做的3件事",facebook
13,Instagram/TikTok,"留学以后胖了10公斤，问题通常出在哪里？",instagram
13,Facebook/X,"欧美留学生为什么容易在第一年体重上涨？",facebook
14,Instagram/TikTok,"考试周为什么特别容易胖？",instagram
14,Facebook/X,"海外饮食高热量，怎么吃更容易长期坚持？",facebook
15,Instagram/TikTok,"时差和熬夜会影响食欲吗？",instagram
15,Facebook/X,"在美国/加拿大留学，什么时候值得做医学体重管理评估？",facebook
