category,geo_title,cta,target_url
"年轻女性","为什么明明吃得不多，腰腹却越来越明显？","60秒测一下：你为什么总是瘦不下来？","/weight/"
"年轻女性","减肥时体重下降了，为什么腰围变化却不明显？","60秒测一下：你为什么总是瘦不下来？","/weight/"
"年轻女性","晚上总想吃甜食，是意志力差吗？","60秒测一下：你为什么总是瘦不下来？","/weight/"
"年轻女性","为什么节食几天后特别容易暴食？","60秒测一下：你为什么总是瘦不下来？","/weight/"
"年轻女性","经期前体重上升，是胖了还是水分变化？","60秒测一下：你为什么总是瘦不下来？","/weight/"
"年轻女性","减肥期间掉头发，应该先检查什么？","60秒测一下：你为什么总是瘦不下来？","/weight/"
"年轻女性","瘦下来后脸变凹、皮肤松，如何理解减重速度？","60秒测一下：你为什么总是瘦不下来？","/weight/"
"年轻女性","BMI正常但还是觉得自己胖，应该看什么指标？","60秒测一下：你为什么总是瘦不下来？","/weight/"
"年轻白领","每天坐10小时，为什么越来越难瘦？","60秒测一下：你为什么总是瘦不下来？","/weight/"
"年轻白领","白领减肥最容易犯的5个错误","60秒测一下：你为什么总是瘦不下来？","/weight/"
"年轻白领","外卖族怎么做体重管理？先改这3个细节","60秒测一下：你为什么总是瘦不下来？","/weight/"
"年轻白领","工作压力大会让人更容易胖吗？","60秒测一下：你为什么总是瘦不下来？","/weight/"
"年轻白领","加班到深夜后特别想吃东西，为什么？","60秒测一下：你为什么总是瘦不下来？","/weight/"
"年轻白领","每天通勤很累却还是胖，为什么活动量可能不够？","60秒测一下：你为什么总是瘦不下来？","/weight/"
"年轻白领","周末暴走两万步，能抵消一周久坐吗？","60秒测一下：你为什么总是瘦不下来？","/weight/"
"年轻白领","没时间健身的人，如何提高日常消耗？","60秒测一下：你为什么总是瘦不下来？","/weight/"
"减肥失败","减了8公斤又反弹，下一次减重应该怎么开始？","60秒测一下：你为什么总是瘦不下来？","/weight/"
"减肥失败","为什么减肥越多次，心理上越容易放弃？","60秒测一下：你为什么总是瘦不下来？","/weight/"
"减肥失败","节食后为什么特别容易复胖？","60秒测一下：你为什么总是瘦不下来？","/weight/"
"减肥失败","减肥平台期到底是什么？","60秒测一下：你为什么总是瘦不下来？","/weight/"
"减肥失败","减肥一个月没变化，是方法错了吗？","60秒测一下：你为什么总是瘦不下来？","/weight/"
"减肥失败","为什么“少吃多动”对有些人就是坚持不住？","60秒测一下：你为什么总是瘦不下来？","/weight/"
"减肥失败","轻断食失败的人，常见原因有哪些？","60秒测一下：你为什么总是瘦不下来？","/weight/"
"减肥失败","减肥失败后最应该停止做的3件事","60秒测一下：你为什么总是瘦不下来？","/weight/"
"留学生","留学以后胖了10公斤，问题通常出在哪里？","60秒测一下：你为什么总是瘦不下来？","/weight/"
"留学生","欧美留学生为什么容易在第一年体重上涨？","60秒测一下：你为什么总是瘦不下来？","/weight/"
"留学生","考试周为什么特别容易胖？","60秒测一下：你为什么总是瘦不下来？","/weight/"
"留学生","海外饮食高热量，怎么吃更容易长期坚持？","60秒测一下：你为什么总是瘦不下来？","/weight/"
"留学生","时差和熬夜会影响食欲吗？","60秒测一下：你为什么总是瘦不下来？","/weight/"
"留学生","在美国/加拿大留学，什么时候值得做医学体重管理评估？","60秒测一下：你为什么总是瘦不下来？","/weight/"
"留学生","留学生减肥，为什么不建议只看社交媒体经验？","60秒测一下：你为什么总是瘦不下来？","/weight/"
"留学生","海外华人如何判断减重信息是否靠谱？","60秒测一下：你为什么总是瘦不下来？","/weight/"
"GLP-1知识","GLP-1到底是什么？为什么这几年这么火？","60秒测一下：你为什么总是瘦不下来？","/weight/"
"GLP-1知识","Tirzepatide、Zepbound、Mounjaro是什么关系？","60秒测一下：你为什么总是瘦不下来？","/weight/"
"GLP-1知识","BMI多少才值得讨论医学减重？","60秒测一下：你为什么总是瘦不下来？","/weight/"
"GLP-1知识","使用GLP-1前，为什么要先梳理病史和用药？","60秒测一下：你为什么总是瘦不下来？","/weight/"
"GLP-1知识","GLP-1常见胃肠道反应有哪些？","60秒测一下：你为什么总是瘦不下来？","/weight/"
"GLP-1知识","GLP-1停药后一定会反弹吗？","60秒测一下：你为什么总是瘦不下来？","/weight/"
"GLP-1知识","为什么不建议通过非正规渠道自行购买处方减重药？","60秒测一下：你为什么总是瘦不下来？","/weight/"
"GLP-1知识","GLP-1与饮食、运动是什么关系？","60秒测一下：你为什么总是瘦不下来？","/weight/"
"GLP-1知识","什么时候应该停止自己研究，直接咨询医生？","60秒测一下：你为什么总是瘦不下来？","/weight/"
"GLP-1知识","减重药不是越强越好：为什么适合自己更重要？","60秒测一下：你为什么总是瘦不下来？","/weight/"
"长期管理","减重后如何降低反弹风险？","60秒测一下：你为什么总是瘦不下来？","/weight/"
"长期管理","减重期间应该多久称一次体重？","60秒测一下：你为什么总是瘦不下来？","/weight/"
"长期管理","体重、腰围、体脂，哪个更值得看？","60秒测一下：你为什么总是瘦不下来？","/weight/"
"长期管理","睡眠不足为什么会让体重管理更困难？","60秒测一下：你为什么总是瘦不下来？","/weight/"
"长期管理","减重期间蛋白质为什么重要？","60秒测一下：你为什么总是瘦不下来？","/weight/"
"长期管理","减肥一定要每天运动吗？","60秒测一下：你为什么总是瘦不下来？","/weight/"
"长期管理","体重下降太快，为什么未必是好事？","60秒测一下：你为什么总是瘦不下来？","/weight/"
"长期管理","如何设定一个更现实的减重目标？","60秒测一下：你为什么总是瘦不下来？","/weight/"